"","AURKA","ESR1","ERBB2","GGI","GENIUS","Endopredict","OncotypeDx","TAMR13","PIK3CAGS","GENE70","rorS","Ensemble","RNAmodel"
"cindex",0.688549853598397,0.415780551702882,0.419170904607798,0.67930343658499,0.718292494991524,0.663694049048191,0.656322454075263,0.629526891662814,0.420403760209585,0.676892246030523,0.656582805988578,0.697642163661581,0.683926645091694
"cindex.se",0.0442475471668589,0.048428205874643,0.047727442021834,0.0441950292488076,0.0406782573712683,0.0501863233311063,0.055714038707946,0.0466903680964163,0.0474987150580539,0.0408307189906271,0.0435281598466231,0.0435310033548656,0.0438356405762429
"lower",0.601826254747116,0.32086301235269,0.32562683717078,0.592682770961633,0.638564575589987,0.56533066280274,0.547124944774418,0.53801545176892,0.327307989383869,0.596865507346018,0.571269180375895,0.612322964875152,0.598010368323015
"upper",0.775273452449678,0.510698091053073,0.512714972044816,0.765924102208347,0.798020414393061,0.762057435293641,0.765519963376108,0.721038331556708,0.513499531035301,0.756918984715027,0.741896431601262,0.78296136244801,0.769842921860372
